bpm,trend_cap_pct
-17.0,0.011337088616779208
-16.9,0.011337088616779208
-16.8,0.011337088616779208
-16.7,0.011337088616779208
-16.6,0.011337088616779208
-16.5,0.011337088616779208
-16.4,0.011337088616779208
-16.3,0.011337088616779208
-16.2,0.011337088616779208
-16.1,0.011337088616779208
-16.0,0.011337088616779208
-15.9,0.011337088616779208
-15.8,0.011337088616779208
-15.7,0.011337088616779208
-15.6,0.011337088616779208
-15.5,0.011337088616779208
-15.4,0.011337088616779208
-15.3,0.011337088616779208
-15.2,0.011337088616779208
-15.1,0.011337088616779208
-15.0,0.011337088616779208
-14.9,0.011337088616779208
-14.8,0.011337088616779208
-14.7,0.011337088616779208
-14.6,0.011337088616779208
-14.5,0.011337088616779208
-14.4,0.011337088616779208
-14.3,0.011337088616779208
-14.2,0.011337088616779208
-14.1,0.011337088616779208
-14.0,0.011337088616779208
-13.9,0.011337088616779208
-13.8,0.011337088616779208
-13.7,0.011337088616779208
-13.6,0.011337088616779208
-13.5,0.011337088616779208
-13.4,0.011337088616779208
-13.3,0.011337088616779208
-13.2,0.011337088616779208
-13.1,0.011337088616779208
-13.0,0.011337088616779208
-12.9,0.011337088616779208
-12.8,0.011337088616779208
-12.7,0.011337088616779208
-12.6,0.011337088616779208
-12.5,0.011337088616779208
-12.4,0.011337088616779208
-12.3,0.011337088616779208
-12.2,0.011337088616779208
-12.1,0.011337088616779208
-12.0,0.011337088616779208
-11.9,0.011337088616779208
-11.8,0.011337088616779208
-11.7,0.011337088616779895
-11.6,0.012257118512355308
-11.5,0.013177148407930722
-11.4,0.014097178303506137
-11.3,0.01501720819908155
-11.2,0.015937238094656966
-11.1,0.01685726799023161
-11.0,0.01685726799023161
-10.9,0.01685726799023161
-10.8,0.016857267990232416
-10.7,0.01776482617587495
-10.6,0.024325864866866886
-10.5,0.024325864866866886
-10.4,0.024325864866866886
-10.3,0.024325864866866886
-10.2,0.024325864866866886
-10.1,0.024325864866866886
-10.0,0.024325864866866886
-9.9,0.024325864866869128
-9.8,0.02653775294632391
-9.7,0.028749641025778695
-9.6,0.03096152910523116
-9.5,0.03096152910523116
-9.4,0.03096152910523116
-9.3,0.03096152910523116
-9.2,0.03096152910523116
-9.1,0.03096152910523116
-9.0,0.03096152910523116
-8.9,0.03096152910523116
-8.8,0.03096152910523116
-8.7,0.03096152910523116
-8.6,0.03096152910523116
-8.5,0.03096152910523116
-8.4,0.03096152910523116
-8.3,0.03096152910523116
-8.2,0.03096152910523116
-8.1,0.03096152910523116
-8.0,0.03096152910523116
-7.9,0.03096152910523116
-7.8,0.03096152910523116
-7.7,0.03096152910523116
-7.6,0.030961529105235294
-7.5,0.03406611363017688
-7.4,0.03406611363017688
-7.3,0.03406611363017688
-7.2,0.03406611363017688
-7.1,0.03406611363017688
-7.0,0.03406611363017688
-6.9,0.03406611363017688
-6.8,0.03406611363017971
-6.7,0.036021642989750476
-6.6,0.036021642989750476
-6.5,0.036021642989750476
-6.4,0.036021642989750476
-6.3,0.036021642989750476
-6.2,0.03602164298975286
-6.1,0.03757362701863221
-6.0,0.03757362701863221
-5.9,0.03757362701863221
-5.8,0.03757362701863221
-5.7,0.03757362701863221
-5.6,0.03757362701863221
-5.5,0.03757362701863221
-5.4,0.03757362701863221
-5.3,0.03757362701863221
-5.2,0.03757362701863221
-5.1,0.03757362701863221
-5.0,0.03757362701863695
-4.9,0.04035110718097414
-4.8,0.04035110718097414
-4.7,0.04035110718097414
-4.6,0.04035110718097414
-4.5,0.04035110718098244
-4.4,0.045021732866146184
-4.3,0.04502173286614856
-4.2,0.04633672755884627
-4.1,0.04633672755884627
-4.0,0.04633672755884627
-3.9,0.04633672755884627
-3.8,0.04633672755884627
-3.7,0.04633672755884627
-3.6,0.04633672755884627
-3.5,0.04633672755884627
-3.4,0.04633672755884627
-3.3,0.04633672755884627
-3.2,0.04633672755884627
-3.1,0.04633672755884741
-3.0,0.04691139968639781
-2.9,0.046911399686398576
-2.8,0.047293263662902235
-2.7,0.047293263662902235
-2.6,0.04729326366291373
-2.5,0.052909764546525254
-2.4,0.052909764546525254
-2.3,0.052909764546525254
-2.2,0.05290976454653616
-2.1,0.05809322605460725
-2.0,0.05809322605460725
-1.9,0.05809322605460725
-1.8,0.05809322605460725
-1.7,0.05809322605460889
-1.6,0.05885109436041027
-1.5,0.06314111383714442
-1.4,0.06314111383714442
-1.3,0.06314111383714978
-1.2,0.06554163808081181
-1.1,0.06554163808081181
-1.0,0.06554163808081806
-0.9,0.06828824188617037
-0.8,0.06828824188617037
-0.7,0.0682882418861762
-0.6,0.07080510273500316
-0.5,0.07488149904936998
-0.4,0.08045176354320765
-0.3,0.08045176354320765
-0.2,0.08045176354321339
-0.1,0.08285092237476044
0.0,0.08285092237476044
0.1,0.0828509223747724
0.2,0.08777134674710484
0.3,0.08777134674710484
0.4,0.08777134674710484
0.5,0.08777134674710484
0.6,0.08777134674713244
0.7,0.09880537593875882
0.8,0.09880537593875882
0.9,0.09880537593875882
1.0,0.09880537593876554
1.1,0.1014337404620819
1.2,0.1014337404620819
1.3,0.1014337404620819
1.4,0.10143374046208364
1.5,0.10210453524760732
1.6,0.12902047532604127
1.7,0.12902047532604127
1.8,0.12902047532604127
1.9,0.12902047532604127
2.0,0.12902047532604127
2.1,0.12902047532604655
2.2,0.13096896833428165
2.3,0.13096896833428165
2.4,0.13096896833428165
2.5,0.130968968334291
2.6,0.13434338877576232
2.7,0.13434338877576232
2.8,0.1343433887757798
2.9,0.1405563330697835
3.0,0.15363855461997794
3.1,0.1536385546199991
3.2,0.16104581501273116
3.3,0.16104581501273116
3.4,0.16104581501273116
3.5,0.1610458150127498
3.6,0.16745273702123092
3.7,0.16745273702123092
3.8,0.16745273702123092
3.9,0.16745273702123928
4.0,0.17026212387078243
4.1,0.17478723845649669
4.2,0.1774184538280388
4.3,0.1774184538280388
4.4,0.1774184538280388
4.5,0.1774184538280959
4.6,0.1961081579528096
4.7,0.19610815795286443
4.8,0.21389931440690968
4.9,0.21389931440690968
5.0,0.21389931440690968
5.1,0.21389931440695661
5.2,0.22882272876541795
5.3,0.22882272876541795
5.4,0.22882272876541795
5.5,0.22882272876541795
5.6,0.22882272876541795
5.7,0.22882272876541795
5.8,0.22882272876541795
5.9,0.2288227287654204
6.0,0.2295762262151176
6.1,0.2295762262151176
6.2,0.2295762262151715
6.3,0.24593351907168617
6.4,0.24593351907168617
6.5,0.24593351907168617
6.6,0.24593351907168617
6.7,0.24593351907168617
6.8,0.24593351907168617
6.9,0.24593351907168617
7.0,0.24593351907168617
7.1,0.24593351907168617
7.2,0.24593351907168617
7.3,0.24593351907168617
7.4,0.24593351907178132
7.5,0.27340503589782683
7.6,0.27340503589782683
7.7,0.27340503589782683
7.8,0.27340503589782683
7.9,0.27340503589782683
8.0,0.27340503589782683
8.1,0.27340503589782683
8.2,0.27340503589782683
8.3,0.2734050358978272
8.4,0.27351582952543846
8.5,0.27351582952543846
8.6,0.27351582952543846
8.7,0.27351582952543846
8.8,0.27351582952543846
8.9,0.27351582952543846
9.0,0.27351582952543846
9.1,0.27351582952543846
9.2,0.27351582952545617
9.3,0.2782695849674369
9.4,0.2782695849674369
9.5,0.2782695849674369
9.6,0.2782695849674369
9.7,0.2782695849674369
9.8,0.2782695849674369
9.9,0.2782695849674369
10.0,0.2782695849674369
10.1,0.2782695849674369
10.2,0.2782695849674369
10.3,0.2782695849674369
10.4,0.2782695849674369
10.5,0.2782695849674369
10.6,0.2782695849674369
10.7,0.2782695849674369
10.8,0.2782695849674369
10.9,0.2782695849674369
11.0,0.2782695849674369
11.1,0.2782695849674369
11.2,0.2782695849674369
11.3,0.2782695849674369
11.4,0.2782695849674369
11.5,0.2782695849674369
11.6,0.2782695849674369
11.7,0.2782695849674369
11.8,0.2782695849674369
11.9,0.2782695849674369
12.0,0.2782695849674369
12.1,0.2782695849674369
12.2,0.2782695849674369
12.3,0.2782695849674369
12.4,0.2782695849674369
12.5,0.2782695849674369
12.6,0.2782695849674369
12.7,0.2782695849674369
12.8,0.2782695849674369
12.9,0.2782695849674369
13.0,0.27826958496747856
13.1,0.2880295649786478
13.2,0.2977895449898848
13.3,0.3233205550644629
13.4,0.3233205550644629
13.5,0.3233205550644629
13.6,0.3233205550644629
13.7,0.3233205550644924
13.8,0.3300765504875476
13.9,0.3368325459106028
14.0,0.34358854133365796
14.1,0.3503445367567132
14.2,0.35710053217973836
14.3,0.35710053217973836
14.4,0.35710053217973836
14.5,0.35710053217973836
14.6,0.35710053217973836
14.7,0.35710053217973836
14.8,0.35710053217973836
14.9,0.35710053217973836
15.0,0.35710053217973836
